{
  "TUPRS.IS": {
    "side": "LONG",
    "entry": 268.0,
    "atr": 0.3392857142857143,
    "size": 3.73,
    "trail_mult": 1.5
  },
  "EREGL.IS": {
    "side": "LONG",
    "entry": 32.97999954223633,
    "atr": 0.04857145036969866,
    "size": 30.32,
    "trail_mult": 1.5
  },
  "SISE.IS": {
    "side": "LONG",
    "entry": 32.97999954223633,
    "atr": 0.04857145036969866,
    "size": 30.32,
    "trail_mult": 2.5
  }
}