{"TUPRS": 1776070115.6537373, "PETKM": 1776020640.6365855, "BIMAS": 1776065492.6650596, "THYAO": 1776065494.3596272, "GARAN": 1776065496.5972703, "KCHOL": 1776065857.4808488, "AKBNK": 1776069895.9506292}