{"BTCUSDT": {"entry": 77674.6, "tp": 76977.13600000001, "sl": 77863.49312, "side": "SHORT"}}