{"trend": 0.33333333333333337, "scalp": 0.33333333333333337, "reversal": 0.33333333333333337}